EMPLOYEE_ID,EMPLOYEE_NAME,ACCOUNT_NUMBER,ACCOUNT_HASH
AA1007,Murtuza Ali,1001002,6a021c757a56463de3df1c0553a00c160b16c44da92142dc4c7fca10a239fc6d
AA1008,Murtuza Ali,1001002,6a021c757a56463de3df1c0553a00c160b16c44da92142dc4c7fca10a239fc6d
AA1015,Murtuza Ali,1001015,1c23749425eafb0b1e392e215288d91ba6438f237c1ac0412b4bc7bee19c97cd
AA1010,Ali Murtuza,1001010,087fd446a7f45faf08ce58073eb0f1351265c420e6e5d95ca514d457c63ec079
AA1011,Khizar Naeem,1001011,2a46c2e1acb409f9a00661ca4e5ddda244455c92fbca0f414e58efa19b028412
AA1009,Murtuza Ali,1001009,4d502e9c9a07e1b346fde00585b0d6f3042f29c90a22fa4507caaa202371308e
AA1012,john smith,1001012,3bab76e0995afc9053517d59e80a14327ebbdcde2a53d2487d794b488dbed131
AA1013,smith jhon,1001013,469eb8f917e4f51830ce8d770a887fd70e8f98ae70acfa6bc4c81f2d71e3a041
AA1014,tommy,1001014,f9146b728af49df936f8421f5b527b9acde0d85202171d30794cd3980ae74bf9
AA1020,john smith,1001020,54368cf21dd2dc21962cd863c5a99ab2b3674d4e20ae8cd89ede87c3d5242d8c
AA1016,Murtuza Ali,1001016,79be6ab0bda622c2db7f7b4caa18e7366980d26270a51c201b0b1967a057b4f9
AA1021,smith jhon,1001021,d879a5587e13c55d3e4795491421c9b5b85ce72e55c9dd3b9b9e6c041e9ec489
AA1017,Murtuza Ali,1001017,3ad74a1846613240bb2231d58609a0da7ed30a38d4cfc6fc9659d340689a110f
AA1019,Khizar Naeem,1001019,e5f4f17ee804e901ecd7a73c8e06c528f21111eb5b485a48eeadacdf3365694d
AA1018,Ali Murtuza,1001018,f08c533dc796c10f473c91bb90b82b6c140bda8faae2f35c5aa18c9ea46a3108
AA1023,Murtuza Ali,1001023,ae4dab38450c05046fdb47c44cacf56885c16f52386d2008f69a650f8868e3ce
AA1025,Murtuza Ali,1001025,f54d6c09ea233ad7c30d6464bcb9cc108d97f73fb43329ff172d0c38d5878e7d
AA1024,Murtuza Ali,1001024,4a381e87553106788dc1c56d1966467e570864230aa18feeafafbe0e8c50e07b
AA1026,Ali Murtuza,1001026,1c8b9a564ab6864e43d5707746adcc73a8998f6cf3f651b8b9736dc201c940af
AA1027,Khizar Naeem,1001027,4752234ac835d664dd09e9e8d03012e037c8edaaf99d84038cff1d1d869505fb
AA1028,john smith,1001028,e21635427e294c5b4535cc24cbd0aa4f1ae195ae1a16530c7ebd5aae4203ca6d
AA1029,smith jhon,1001029,196b763f40a13753fceb31dd6e41e66e4d911cde92d491d10d229f9ebd24518d
AA1030,tommy,1001030,1b312cb71cbb7cf2c2e29f7593f96bca60c6c09762748a6957e35a41f23eeb6f
AA1031,Murtuza Ali,1001030,1b312cb71cbb7cf2c2e29f7593f96bca60c6c09762748a6957e35a41f23eeb6f
AA1032,Murtuza Ali,1001031,f7b9cdfca869aaf3730d0eb1bd304ea410ed041c860f2dae6289e24d7075edc3
AA1022,tommy,1001022,c0dc9ecfab9aaa5d155c9266ab14f007aa0eeb885433a38ff4c9942e1380f057
AA1030,tommy,1001030,1b312cb71cbb7cf2c2e29f7593f96bca60c6c09762748a6957e35a41f23eeb6f
AA1031,Murtuza Ali,1001030,1b312cb71cbb7cf2c2e29f7593f96bca60c6c09762748a6957e35a41f23eeb6f
AA1032,Murtuza Ali,1001031,f7b9cdfca869aaf3730d0eb1bd304ea410ed041c860f2dae6289e24d7075edc3
AA1022,tommy,1001022,c0dc9ecfab9aaa5d155c9266ab14f007aa0eeb885433a38ff4c9942e1380f057
